[
  {
    "date": "01/01/2017 2:01 PM",
    "user": "rlbuyus",
    "details": [
      {
        "attribute" : "Assembled Product Width",
        "previousVal": "3",
        "newVal": "5"
      },
      {
        "attribute": "Assembled Product Width-Unit",
        "previousVal": "inch",
        "newVal": "Feet"
      }
    ]
  },
  {
    "date": "12/21/2016 11:45 AM",
    "user": "Dave Holder",
    "details": [
      {
        "attribute" : "Assembled Product Length",
        "previousVal": "2",
        "newVal": "5"
      },
      {
        "attribute" : "Assembled Product Length-Unit",
        "previousVal": "inch",
        "newVal": "Feet"
      },
      {
        "attribute" : "Assembled Product Height",
        "previousVal": "5",
        "newVal": "8"
      },
      {
        "attribute" : "Assembled Product Height-Unit",
        "previousVal": "inch",
        "newVal": "Centimeters"
      }
    ]
  },
  {
    "date": "12/01/2016 10:25 AM",
    "user": "Dave Holder",
    "details": [
      {
        "attribute": "Minimum Storage Temperature",
        "previousVal" : "35",
        "newVal": "40"
      },
      {
        "attribute": "Temp Sensitive",
        "previousVal" : "Yes",
        "newVal": "No"
      }
    ]
  },
  {
    "date": "11/21/2016 1:00 PM",
    "user": "Dave Holder"
  }
]