[
  {
    "heading": "Changes made on <b>01/01/2017 2:00 PM</b>",
    "subHeading": "By <b>rlbuyus</b>",
    "summary": "Values updated for 2 attributes",
    "details": [
      "<b>Assembled Product Width</b> attribute under Pack Information was changed from '<b>3</b>' to '<b>5</b>'",
      "<b>Assembled Product Width-Unit</b> attribute under Pack Information was changed from '<b>inch</b>' to '<b>Feet</b>'"
    ]
  },
  {
    "heading": "Changes made on <b>12/21/2016 11:45 AM</b>",
    "subHeading": "By <b>Dave Holder</b>",
    "summary": "Values updated for 4 attributes",
    "details": [
      "<b>Assembled Product Length</b> attribute under Pack Information was changed from '<b>2</b>' to '<b>5</b>'",
      "<b>Assembled Product Length-Unit</b> attribute under Pack Information was changed from '<b>inch</b>' to '<b>Feet</b>'",
      "<b>Assembled Product Height</b> attribute under Pack Information was changed from '<b>5</b>' to '<b>8</b>'",
      "<b>Assembled Product Height-Unit</b> attribute under Pack Information was changed from '<b>inch</b>' to '<b>Centimeters</b>'"
    ]
  },
  {
    "heading": "Changes made on <b>12/01/2016 10:25 AM</b>",
    "subHeading": "By <b>Dave Holder</b>",
    "summary": "Values updated for 2 attributes",
    "details": [
      "<b>Minimum Storage Temperature</b> attribute under Compliance was changed from '<b>35</b>' to '<b>40</b>'",
      "<b>Temp Sensitive</b> attribute under Compliance was changed from '<b>Yes</b>' to '<b>No</b>'"
    ]
  },
  {
    "heading": "Item created on <b>11/21/2016 1:00 PM</b>",
    "subHeading": "By <b>Dave Holder</b>",
    "summary": "Item created with 200 attributes"
  }
]